Designator,Val,Package,Mid X,Mid Y,Rotation,Layer
C1,100n,C_0402_1005Metric,111.88,-126.73,180,top
C1,100n,C_0402_1005Metric,132.2,-96.25,180,top
C1,100n,C_0402_1005Metric,132.2,-126.73,180,top
C1,100n,C_0402_1005Metric,91.56,-96.25,180,top
C1,100n,C_0402_1005Metric,111.88,-141.97,180,top
C1,100n,C_0402_1005Metric,111.88,-157.21,180,top
C1,100n,C_0402_1005Metric,152.52,-172.45,180,top
C1,100n,C_0402_1005Metric,152.52,-126.73,180,top
C1,100n,C_0402_1005Metric,91.56,-172.45,180,top
C1,100n,C_0402_1005Metric,111.88,-96.25,180,top
C1,100n,C_0402_1005Metric,152.52,-96.25,180,top
C1,100n,C_0402_1005Metric,132.2,-172.45,180,top
C1,100n,C_0402_1005Metric,152.52,-141.97,180,top
C1,100n,C_0402_1005Metric,152.52,-157.21,180,top
C1,100n,C_0402_1005Metric,91.56,-111.49,180,top
C1,100n,C_0402_1005Metric,111.88,-111.49,180,top
C1,100n,C_0402_1005Metric,132.2,-111.49,180,top
C1,100n,C_0402_1005Metric,132.2,-141.97,180,top
C1,100n,C_0402_1005Metric,91.56,-157.21,180,top
C1,100n,C_0402_1005Metric,111.88,-172.45,180,top
C1,100n,C_0402_1005Metric,152.52,-111.49,180,top
C1,100n,C_0402_1005Metric,91.56,-141.97,180,top
C1,100n,C_0402_1005Metric,132.2,-157.21,180,top
C1,100n,C_0402_1005Metric,91.56,-126.73,180,top
C2,10u,C_0805_2012Metric_Pad1.18x1.45mm_HandSolder,116.9162,-99.4918,-90,top
C2,10u,C_0805_2012Metric_Pad1.18x1.45mm_HandSolder,157.5562,-99.4918,-90,top
C2,10u,C_0805_2012Metric_Pad1.18x1.45mm_HandSolder,116.9162,-129.9718,-90,top
C2,10u,C_0805_2012Metric_Pad1.18x1.45mm_HandSolder,157.5562,-175.6918,-90,top
C2,10u,C_0805_2012Metric_Pad1.18x1.45mm_HandSolder,96.5962,-114.7318,-90,top
C2,10u,C_0805_2012Metric_Pad1.18x1.45mm_HandSolder,96.5962,-175.6918,-90,top
C2,10u,C_0805_2012Metric_Pad1.18x1.45mm_HandSolder,157.5562,-129.9718,-90,top
C2,10u,C_0805_2012Metric_Pad1.18x1.45mm_HandSolder,137.2362,-145.2118,-90,top
C2,10u,C_0805_2012Metric_Pad1.18x1.45mm_HandSolder,116.9162,-114.7318,-90,top
C2,10u,C_0805_2012Metric_Pad1.18x1.45mm_HandSolder,96.5962,-160.4518,-90,top
C2,10u,C_0805_2012Metric_Pad1.18x1.45mm_HandSolder,137.2362,-129.9718,-90,top
C2,10u,C_0805_2012Metric_Pad1.18x1.45mm_HandSolder,116.9162,-175.6918,-90,top
C2,10u,C_0805_2012Metric_Pad1.18x1.45mm_HandSolder,157.5562,-145.2118,-90,top
C2,10u,C_0805_2012Metric_Pad1.18x1.45mm_HandSolder,116.9162,-145.2118,-90,top
C2,10u,C_0805_2012Metric_Pad1.18x1.45mm_HandSolder,96.5962,-99.4918,-90,top
C2,10u,C_0805_2012Metric_Pad1.18x1.45mm_HandSolder,96.5962,-145.2118,-90,top
C2,10u,C_0805_2012Metric_Pad1.18x1.45mm_HandSolder,137.2362,-114.7318,-90,top
C2,10u,C_0805_2012Metric_Pad1.18x1.45mm_HandSolder,137.2362,-160.4518,-90,top
C2,10u,C_0805_2012Metric_Pad1.18x1.45mm_HandSolder,116.9162,-160.4518,-90,top
C2,10u,C_0805_2012Metric_Pad1.18x1.45mm_HandSolder,137.2362,-175.6918,-90,top
C2,10u,C_0805_2012Metric_Pad1.18x1.45mm_HandSolder,137.2362,-99.4918,-90,top
C2,10u,C_0805_2012Metric_Pad1.18x1.45mm_HandSolder,157.5562,-114.7318,-90,top
C2,10u,C_0805_2012Metric_Pad1.18x1.45mm_HandSolder,157.5562,-160.4518,-90,top
C2,10u,C_0805_2012Metric_Pad1.18x1.45mm_HandSolder,96.5962,-129.9718,-90,top
C3,10u,C_0805_2012Metric_Pad1.18x1.45mm_HandSolder,159.512,-175.6918,-90,top
C3,10u,C_0805_2012Metric_Pad1.18x1.45mm_HandSolder,98.552,-129.9718,-90,top
C3,10u,C_0805_2012Metric_Pad1.18x1.45mm_HandSolder,159.512,-114.7318,-90,top
C3,10u,C_0805_2012Metric_Pad1.18x1.45mm_HandSolder,139.192,-114.7318,-90,top
C3,10u,C_0805_2012Metric_Pad1.18x1.45mm_HandSolder,98.552,-99.4918,-90,top
C3,10u,C_0805_2012Metric_Pad1.18x1.45mm_HandSolder,118.872,-175.6918,-90,top
C3,10u,C_0805_2012Metric_Pad1.18x1.45mm_HandSolder,139.192,-160.4518,-90,top
C3,10u,C_0805_2012Metric_Pad1.18x1.45mm_HandSolder,118.872,-114.7318,-90,top
C3,10u,C_0805_2012Metric_Pad1.18x1.45mm_HandSolder,98.552,-114.7318,-90,top
C3,10u,C_0805_2012Metric_Pad1.18x1.45mm_HandSolder,159.512,-99.4918,-90,top
C3,10u,C_0805_2012Metric_Pad1.18x1.45mm_HandSolder,118.872,-145.2118,-90,top
C3,10u,C_0805_2012Metric_Pad1.18x1.45mm_HandSolder,139.192,-145.2118,-90,top
C3,10u,C_0805_2012Metric_Pad1.18x1.45mm_HandSolder,159.512,-160.4518,-90,top
C3,10u,C_0805_2012Metric_Pad1.18x1.45mm_HandSolder,139.192,-99.4918,-90,top
C3,10u,C_0805_2012Metric_Pad1.18x1.45mm_HandSolder,139.192,-175.6918,-90,top
C3,10u,C_0805_2012Metric_Pad1.18x1.45mm_HandSolder,159.512,-145.2118,-90,top
C3,10u,C_0805_2012Metric_Pad1.18x1.45mm_HandSolder,118.872,-99.4918,-90,top
C3,10u,C_0805_2012Metric_Pad1.18x1.45mm_HandSolder,98.552,-145.2118,-90,top
C3,10u,C_0805_2012Metric_Pad1.18x1.45mm_HandSolder,98.552,-160.4518,-90,top
C3,10u,C_0805_2012Metric_Pad1.18x1.45mm_HandSolder,159.512,-129.9718,-90,top
C3,10u,C_0805_2012Metric_Pad1.18x1.45mm_HandSolder,98.552,-175.6918,-90,top
C3,10u,C_0805_2012Metric_Pad1.18x1.45mm_HandSolder,139.192,-129.9718,-90,top
C3,10u,C_0805_2012Metric_Pad1.18x1.45mm_HandSolder,118.872,-129.9718,-90,top
C3,10u,C_0805_2012Metric_Pad1.18x1.45mm_HandSolder,118.872,-160.4518,-90,top
C4,100n,C_0402_1005Metric,139.91,-90.83,180,top
C4,100n,C_0402_1005Metric,160.23,-121.31,180,top
C4,100n,C_0402_1005Metric,119.59,-106.07,180,top
C4,100n,C_0402_1005Metric,139.91,-106.07,180,top
C4,100n,C_0402_1005Metric,139.91,-151.79,180,top
C4,100n,C_0402_1005Metric,160.23,-167.03,180,top
C4,100n,C_0402_1005Metric,139.91,-136.55,180,top
C4,100n,C_0402_1005Metric,160.23,-106.07,180,top
C4,100n,C_0402_1005Metric,119.59,-167.03,180,top
C4,100n,C_0402_1005Metric,99.27,-121.31,180,top
C4,100n,C_0402_1005Metric,160.23,-136.55,180,top
C4,100n,C_0402_1005Metric,119.59,-121.31,180,top
C4,100n,C_0402_1005Metric,99.27,-136.55,180,top
C4,100n,C_0402_1005Metric,160.23,-151.79,180,top
C4,100n,C_0402_1005Metric,99.27,-90.83,180,top
C4,100n,C_0402_1005Metric,99.27,-151.79,180,top
C4,100n,C_0402_1005Metric,119.59,-90.83,180,top
C4,100n,C_0402_1005Metric,119.59,-136.55,180,top
C4,100n,C_0402_1005Metric,139.91,-167.03,180,top
C4,100n,C_0402_1005Metric,139.91,-121.31,180,top
C4,100n,C_0402_1005Metric,160.23,-90.83,180,top
C4,100n,C_0402_1005Metric,119.59,-151.79,180,top
C4,100n,C_0402_1005Metric,99.27,-167.03,180,top
C4,100n,C_0402_1005Metric,99.27,-106.07,180,top
C5,100n,C_0402_1005Metric,160.23,-166.11,0,top
C5,100n,C_0402_1005Metric,119.59,-166.11,0,top
C5,100n,C_0402_1005Metric,99.27,-150.87,0,top
C5,100n,C_0402_1005Metric,99.27,-89.91,0,top
C5,100n,C_0402_1005Metric,160.23,-150.87,0,top
C5,100n,C_0402_1005Metric,119.59,-120.39,0,top
C5,100n,C_0402_1005Metric,99.27,-105.15,0,top
C5,100n,C_0402_1005Metric,99.27,-120.39,0,top
C5,100n,C_0402_1005Metric,119.59,-135.63,0,top
C5,100n,C_0402_1005Metric,119.59,-150.87,0,top
C5,100n,C_0402_1005Metric,160.23,-105.15,0,top
C5,100n,C_0402_1005Metric,139.91,-105.15,0,top
C5,100n,C_0402_1005Metric,139.91,-166.11,0,top
C5,100n,C_0402_1005Metric,139.91,-135.63,0,top
C5,100n,C_0402_1005Metric,99.27,-166.11,0,top
C5,100n,C_0402_1005Metric,119.59,-105.15,0,top
C5,100n,C_0402_1005Metric,99.27,-135.63,0,top
C5,100n,C_0402_1005Metric,160.23,-89.91,0,top
C5,100n,C_0402_1005Metric,139.91,-150.87,0,top
C5,100n,C_0402_1005Metric,160.23,-135.63,0,top
C5,100n,C_0402_1005Metric,160.23,-120.39,0,top
C5,100n,C_0402_1005Metric,139.91,-120.39,0,top
C5,100n,C_0402_1005Metric,139.91,-89.91,0,top
C5,100n,C_0402_1005Metric,119.59,-89.91,0,top
H2,Conn_01x08,TE_0-1734839-8_1x08-1MP_P0.5mm_Horizontal,144.471,-170.675,90,top
H2,Conn_01x08,TE_0-1734839-8_1x08-1MP_P0.5mm_Horizontal,164.791,-170.675,90,top
H2,Conn_01x08,TE_0-1734839-8_1x08-1MP_P0.5mm_Horizontal,124.151,-140.195,90,top
H2,Conn_01x08,TE_0-1734839-8_1x08-1MP_P0.5mm_Horizontal,103.831,-155.435,90,top
H2,Conn_01x08,TE_0-1734839-8_1x08-1MP_P0.5mm_Horizontal,164.791,-124.955,90,top
H2,Conn_01x08,TE_0-1734839-8_1x08-1MP_P0.5mm_Horizontal,144.471,-109.715,90,top
H2,Conn_01x08,TE_0-1734839-8_1x08-1MP_P0.5mm_Horizontal,103.831,-109.715,90,top
H2,Conn_01x08,TE_0-1734839-8_1x08-1MP_P0.5mm_Horizontal,124.151,-109.715,90,top
H2,Conn_01x08,TE_0-1734839-8_1x08-1MP_P0.5mm_Horizontal,164.791,-94.475,90,top
H2,Conn_01x08,TE_0-1734839-8_1x08-1MP_P0.5mm_Horizontal,144.471,-140.195,90,top
H2,Conn_01x08,TE_0-1734839-8_1x08-1MP_P0.5mm_Horizontal,124.151,-170.675,90,top
H2,Conn_01x08,TE_0-1734839-8_1x08-1MP_P0.5mm_Horizontal,103.831,-140.195,90,top
H2,Conn_01x08,TE_0-1734839-8_1x08-1MP_P0.5mm_Horizontal,164.791,-109.715,90,top
H2,Conn_01x08,TE_0-1734839-8_1x08-1MP_P0.5mm_Horizontal,144.471,-155.435,90,top
H2,Conn_01x08,TE_0-1734839-8_1x08-1MP_P0.5mm_Horizontal,164.791,-140.195,90,top
H2,Conn_01x08,TE_0-1734839-8_1x08-1MP_P0.5mm_Horizontal,103.831,-94.475,90,top
H2,Conn_01x08,TE_0-1734839-8_1x08-1MP_P0.5mm_Horizontal,103.831,-170.675,90,top
H2,Conn_01x08,TE_0-1734839-8_1x08-1MP_P0.5mm_Horizontal,103.831,-124.955,90,top
H2,Conn_01x08,TE_0-1734839-8_1x08-1MP_P0.5mm_Horizontal,124.151,-94.475,90,top
H2,Conn_01x08,TE_0-1734839-8_1x08-1MP_P0.5mm_Horizontal,124.151,-124.955,90,top
H2,Conn_01x08,TE_0-1734839-8_1x08-1MP_P0.5mm_Horizontal,124.151,-155.435,90,top
H2,Conn_01x08,TE_0-1734839-8_1x08-1MP_P0.5mm_Horizontal,144.471,-94.475,90,top
H2,Conn_01x08,TE_0-1734839-8_1x08-1MP_P0.5mm_Horizontal,144.471,-124.955,90,top
H2,Conn_01x08,TE_0-1734839-8_1x08-1MP_P0.5mm_Horizontal,164.791,-155.435,90,top
JSL1,Conn_01x05,PinHeader_1x05_P2.00mm_Vertical,89.7232,-103.1133,90,top
JSL1,Conn_01x05,PinHeader_1x05_P2.00mm_Vertical,89.7232,-133.5933,90,top
JSL1,Conn_01x05,PinHeader_1x05_P2.00mm_Vertical,150.6832,-148.8333,90,top
JSL1,Conn_01x05,PinHeader_1x05_P2.00mm_Vertical,130.3632,-103.1133,90,top
JSL1,Conn_01x05,PinHeader_1x05_P2.00mm_Vertical,110.0432,-164.0733,90,top
JSL1,Conn_01x05,PinHeader_1x05_P2.00mm_Vertical,89.7232,-148.8333,90,top
JSL1,Conn_01x05,PinHeader_1x05_P2.00mm_Vertical,130.3632,-87.8733,90,top
JSL1,Conn_01x05,PinHeader_1x05_P2.00mm_Vertical,150.6832,-87.8733,90,top
JSL1,Conn_01x05,PinHeader_1x05_P2.00mm_Vertical,89.7232,-87.8733,90,top
JSL1,Conn_01x05,PinHeader_1x05_P2.00mm_Vertical,110.0432,-87.8733,90,top
JSL1,Conn_01x05,PinHeader_1x05_P2.00mm_Vertical,130.3632,-133.5933,90,top
JSL1,Conn_01x05,PinHeader_1x05_P2.00mm_Vertical,110.0432,-148.8333,90,top
JSL1,Conn_01x05,PinHeader_1x05_P2.00mm_Vertical,150.6832,-164.0733,90,top
JSL1,Conn_01x05,PinHeader_1x05_P2.00mm_Vertical,150.6832,-118.3533,90,top
JSL1,Conn_01x05,PinHeader_1x05_P2.00mm_Vertical,110.0432,-133.5933,90,top
JSL1,Conn_01x05,PinHeader_1x05_P2.00mm_Vertical,89.7232,-164.0733,90,top
JSL1,Conn_01x05,PinHeader_1x05_P2.00mm_Vertical,150.6832,-133.5933,90,top
JSL1,Conn_01x05,PinHeader_1x05_P2.00mm_Vertical,130.3632,-148.8333,90,top
JSL1,Conn_01x05,PinHeader_1x05_P2.00mm_Vertical,130.3632,-164.0733,90,top
JSL1,Conn_01x05,PinHeader_1x05_P2.00mm_Vertical,110.0432,-118.3533,90,top
JSL1,Conn_01x05,PinHeader_1x05_P2.00mm_Vertical,150.6832,-103.1133,90,top
JSL1,Conn_01x05,PinHeader_1x05_P2.00mm_Vertical,110.0432,-103.1133,90,top
JSL1,Conn_01x05,PinHeader_1x05_P2.00mm_Vertical,89.7232,-118.3533,90,top
JSL1,Conn_01x05,PinHeader_1x05_P2.00mm_Vertical,130.3632,-118.3533,90,top
R1,100,R_0402_1005Metric,132.9844,-166.55,90,top
R1,100,R_0402_1005Metric,153.3044,-90.35,90,top
R1,100,R_0402_1005Metric,112.6644,-151.31,90,top
R1,100,R_0402_1005Metric,153.3044,-166.55,90,top
R1,100,R_0402_1005Metric,132.9844,-105.59,90,top
R1,100,R_0402_1005Metric,92.3444,-151.31,90,top
R1,100,R_0402_1005Metric,153.3044,-136.07,90,top
R1,100,R_0402_1005Metric,92.3444,-120.83,90,top
R1,100,R_0402_1005Metric,153.3044,-105.59,90,top
R1,100,R_0402_1005Metric,132.9844,-136.07,90,top
R1,100,R_0402_1005Metric,112.6644,-136.07,90,top
R1,100,R_0402_1005Metric,153.3044,-120.83,90,top
R1,100,R_0402_1005Metric,132.9844,-90.35,90,top
R1,100,R_0402_1005Metric,112.6644,-120.83,90,top
R1,100,R_0402_1005Metric,92.3444,-136.07,90,top
R1,100,R_0402_1005Metric,112.6644,-90.35,90,top
R1,100,R_0402_1005Metric,92.3444,-90.35,90,top
R1,100,R_0402_1005Metric,112.6644,-166.55,90,top
R1,100,R_0402_1005Metric,92.3444,-105.59,90,top
R1,100,R_0402_1005Metric,92.3444,-166.55,90,top
R1,100,R_0402_1005Metric,132.9844,-120.83,90,top
R1,100,R_0402_1005Metric,153.3044,-151.31,90,top
R1,100,R_0402_1005Metric,112.6644,-105.59,90,top
R1,100,R_0402_1005Metric,132.9844,-151.31,90,top
R2,100,R_0402_1005Metric,93.3096,-136.07,90,top
R2,100,R_0402_1005Metric,154.2696,-166.55,90,top
R2,100,R_0402_1005Metric,154.2696,-90.35,90,top
R2,100,R_0402_1005Metric,113.6296,-136.07,90,top
R2,100,R_0402_1005Metric,93.3096,-90.35,90,top
R2,100,R_0402_1005Metric,113.6296,-90.35,90,top
R2,100,R_0402_1005Metric,133.9496,-120.83,90,top
R2,100,R_0402_1005Metric,133.9496,-166.55,90,top
R2,100,R_0402_1005Metric,133.9496,-90.35,90,top
R2,100,R_0402_1005Metric,93.3096,-120.83,90,top
R2,100,R_0402_1005Metric,154.2696,-120.83,90,top
R2,100,R_0402_1005Metric,113.6296,-120.83,90,top
R2,100,R_0402_1005Metric,113.6296,-166.55,90,top
R2,100,R_0402_1005Metric,113.6296,-151.31,90,top
R2,100,R_0402_1005Metric,154.2696,-105.59,90,top
R2,100,R_0402_1005Metric,93.3096,-166.55,90,top
R2,100,R_0402_1005Metric,93.3096,-105.59,90,top
R2,100,R_0402_1005Metric,113.6296,-105.59,90,top
R2,100,R_0402_1005Metric,93.3096,-151.31,90,top
R2,100,R_0402_1005Metric,154.2696,-151.31,90,top
R2,100,R_0402_1005Metric,154.2696,-136.07,90,top
R2,100,R_0402_1005Metric,133.9496,-151.31,90,top
R2,100,R_0402_1005Metric,133.9496,-136.07,90,top
R2,100,R_0402_1005Metric,133.9496,-105.59,90,top
R3,100,R_0402_1005Metric,156.2,-90.35,90,top
R3,100,R_0402_1005Metric,156.2,-166.55,90,top
R3,100,R_0402_1005Metric,135.88,-166.55,90,top
R3,100,R_0402_1005Metric,95.24,-105.59,90,top
R3,100,R_0402_1005Metric,95.24,-151.31,90,top
R3,100,R_0402_1005Metric,95.24,-120.83,90,top
R3,100,R_0402_1005Metric,135.88,-120.83,90,top
R3,100,R_0402_1005Metric,115.56,-105.59,90,top
R3,100,R_0402_1005Metric,156.2,-136.07,90,top
R3,100,R_0402_1005Metric,156.2,-151.31,90,top
R3,100,R_0402_1005Metric,156.2,-105.59,90,top
R3,100,R_0402_1005Metric,95.24,-136.07,90,top
R3,100,R_0402_1005Metric,115.56,-151.31,90,top
R3,100,R_0402_1005Metric,135.88,-105.59,90,top
R3,100,R_0402_1005Metric,156.2,-120.83,90,top
R3,100,R_0402_1005Metric,115.56,-136.07,90,top
R3,100,R_0402_1005Metric,135.88,-136.07,90,top
R3,100,R_0402_1005Metric,115.56,-120.83,90,top
R3,100,R_0402_1005Metric,95.24,-166.55,90,top
R3,100,R_0402_1005Metric,115.56,-90.35,90,top
R3,100,R_0402_1005Metric,95.24,-90.35,90,top
R3,100,R_0402_1005Metric,135.88,-151.31,90,top
R3,100,R_0402_1005Metric,115.56,-166.55,90,top
R3,100,R_0402_1005Metric,135.88,-90.35,90,top
R4,100,R_0402_1005Metric,96.2052,-166.55,90,top
R4,100,R_0402_1005Metric,157.1652,-120.83,90,top
R4,100,R_0402_1005Metric,116.5252,-136.07,90,top
R4,100,R_0402_1005Metric,157.1652,-105.59,90,top
R4,100,R_0402_1005Metric,157.1652,-136.07,90,top
R4,100,R_0402_1005Metric,116.5252,-151.31,90,top
R4,100,R_0402_1005Metric,157.1652,-151.31,90,top
R4,100,R_0402_1005Metric,136.8452,-90.35,90,top
R4,100,R_0402_1005Metric,96.2052,-151.31,90,top
R4,100,R_0402_1005Metric,96.2052,-105.59,90,top
R4,100,R_0402_1005Metric,116.5252,-120.83,90,top
R4,100,R_0402_1005Metric,136.8452,-151.31,90,top
R4,100,R_0402_1005Metric,96.2052,-136.07,90,top
R4,100,R_0402_1005Metric,157.1652,-90.35,90,top
R4,100,R_0402_1005Metric,136.8452,-166.55,90,top
R4,100,R_0402_1005Metric,136.8452,-136.07,90,top
R4,100,R_0402_1005Metric,116.5252,-90.35,90,top
R4,100,R_0402_1005Metric,96.2052,-90.35,90,top
R4,100,R_0402_1005Metric,136.8452,-120.83,90,top
R4,100,R_0402_1005Metric,116.5252,-105.59,90,top
R4,100,R_0402_1005Metric,116.5252,-166.55,90,top
R4,100,R_0402_1005Metric,157.1652,-166.55,90,top
R4,100,R_0402_1005Metric,96.2052,-120.83,90,top
R4,100,R_0402_1005Metric,136.8452,-105.59,90,top
R5,100,R_0402_1005Metric,134.9148,-151.31,90,top
R5,100,R_0402_1005Metric,114.5948,-151.31,90,top
R5,100,R_0402_1005Metric,94.2748,-151.31,90,top
R5,100,R_0402_1005Metric,155.2348,-136.07,90,top
R5,100,R_0402_1005Metric,134.9148,-136.07,90,top
R5,100,R_0402_1005Metric,114.5948,-136.07,90,top
R5,100,R_0402_1005Metric,134.9148,-120.83,90,top
R5,100,R_0402_1005Metric,94.2748,-120.83,90,top
R5,100,R_0402_1005Metric,114.5948,-90.35,90,top
R5,100,R_0402_1005Metric,114.5948,-120.83,90,top
R5,100,R_0402_1005Metric,155.2348,-120.83,90,top
R5,100,R_0402_1005Metric,94.2748,-166.55,90,top
R5,100,R_0402_1005Metric,155.2348,-105.59,90,top
R5,100,R_0402_1005Metric,134.9148,-105.59,90,top
R5,100,R_0402_1005Metric,94.2748,-136.07,90,top
R5,100,R_0402_1005Metric,114.5948,-105.59,90,top
R5,100,R_0402_1005Metric,94.2748,-105.59,90,top
R5,100,R_0402_1005Metric,155.2348,-90.35,90,top
R5,100,R_0402_1005Metric,155.2348,-166.55,90,top
R5,100,R_0402_1005Metric,134.9148,-166.55,90,top
R5,100,R_0402_1005Metric,134.9148,-90.35,90,top
R5,100,R_0402_1005Metric,114.5948,-166.55,90,top
R5,100,R_0402_1005Metric,155.2348,-151.31,90,top
R5,100,R_0402_1005Metric,94.2748,-90.35,90,top
R6,100,R_0402_1005Metric,137.8104,-120.83,90,top
R6,100,R_0402_1005Metric,137.8104,-105.59,90,top
R6,100,R_0402_1005Metric,117.4904,-166.55,90,top
R6,100,R_0402_1005Metric,117.4904,-151.31,90,top
R6,100,R_0402_1005Metric,97.1704,-166.55,90,top
R6,100,R_0402_1005Metric,97.1704,-105.59,90,top
R6,100,R_0402_1005Metric,158.1304,-120.83,90,top
R6,100,R_0402_1005Metric,158.1304,-90.35,90,top
R6,100,R_0402_1005Metric,158.1304,-166.55,90,top
R6,100,R_0402_1005Metric,117.4904,-120.83,90,top
R6,100,R_0402_1005Metric,117.4904,-105.59,90,top
R6,100,R_0402_1005Metric,137.8104,-151.31,90,top
R6,100,R_0402_1005Metric,117.4904,-136.07,90,top
R6,100,R_0402_1005Metric,137.8104,-166.55,90,top
R6,100,R_0402_1005Metric,97.1704,-120.83,90,top
R6,100,R_0402_1005Metric,137.8104,-136.07,90,top
R6,100,R_0402_1005Metric,158.1304,-151.31,90,top
R6,100,R_0402_1005Metric,117.4904,-90.35,90,top
R6,100,R_0402_1005Metric,97.1704,-136.07,90,top
R6,100,R_0402_1005Metric,158.1304,-136.07,90,top
R6,100,R_0402_1005Metric,158.1304,-105.59,90,top
R6,100,R_0402_1005Metric,97.1704,-90.35,90,top
R6,100,R_0402_1005Metric,137.8104,-90.35,90,top
R6,100,R_0402_1005Metric,97.1704,-151.31,90,top
S2,Conn_01x03,Wuerth_WR-WTB_64800311622_1x03_P1.50mm_Vertical,91.5924,-130.3274,180,top
S2,Conn_01x03,Wuerth_WR-WTB_64800311622_1x03_P1.50mm_Vertical,152.5524,-99.8474,180,top
S2,Conn_01x03,Wuerth_WR-WTB_64800311622_1x03_P1.50mm_Vertical,111.9124,-115.0874,180,top
S2,Conn_01x03,Wuerth_WR-WTB_64800311622_1x03_P1.50mm_Vertical,152.5524,-176.0474,180,top
S2,Conn_01x03,Wuerth_WR-WTB_64800311622_1x03_P1.50mm_Vertical,111.9124,-99.8474,180,top
S2,Conn_01x03,Wuerth_WR-WTB_64800311622_1x03_P1.50mm_Vertical,152.5524,-130.3274,180,top
S2,Conn_01x03,Wuerth_WR-WTB_64800311622_1x03_P1.50mm_Vertical,111.9124,-160.8074,180,top
S2,Conn_01x03,Wuerth_WR-WTB_64800311622_1x03_P1.50mm_Vertical,132.2324,-145.5674,180,top
S2,Conn_01x03,Wuerth_WR-WTB_64800311622_1x03_P1.50mm_Vertical,132.2324,-160.8074,180,top
S2,Conn_01x03,Wuerth_WR-WTB_64800311622_1x03_P1.50mm_Vertical,111.9124,-130.3274,180,top
S2,Conn_01x03,Wuerth_WR-WTB_64800311622_1x03_P1.50mm_Vertical,152.5524,-160.8074,180,top
S2,Conn_01x03,Wuerth_WR-WTB_64800311622_1x03_P1.50mm_Vertical,91.5924,-115.0874,180,top
S2,Conn_01x03,Wuerth_WR-WTB_64800311622_1x03_P1.50mm_Vertical,132.2324,-176.0474,180,top
S2,Conn_01x03,Wuerth_WR-WTB_64800311622_1x03_P1.50mm_Vertical,111.9124,-176.0474,180,top
S2,Conn_01x03,Wuerth_WR-WTB_64800311622_1x03_P1.50mm_Vertical,132.2324,-99.8474,180,top
S2,Conn_01x03,Wuerth_WR-WTB_64800311622_1x03_P1.50mm_Vertical,91.5924,-145.5674,180,top
S2,Conn_01x03,Wuerth_WR-WTB_64800311622_1x03_P1.50mm_Vertical,132.2324,-115.0874,180,top
S2,Conn_01x03,Wuerth_WR-WTB_64800311622_1x03_P1.50mm_Vertical,152.5524,-145.5674,180,top
S2,Conn_01x03,Wuerth_WR-WTB_64800311622_1x03_P1.50mm_Vertical,152.5524,-115.0874,180,top
S2,Conn_01x03,Wuerth_WR-WTB_64800311622_1x03_P1.50mm_Vertical,91.5924,-176.0474,180,top
S2,Conn_01x03,Wuerth_WR-WTB_64800311622_1x03_P1.50mm_Vertical,132.2324,-130.3274,180,top
S2,Conn_01x03,Wuerth_WR-WTB_64800311622_1x03_P1.50mm_Vertical,111.9124,-145.5674,180,top
S2,Conn_01x03,Wuerth_WR-WTB_64800311622_1x03_P1.50mm_Vertical,91.5924,-99.8474,180,top
S2,Conn_01x03,Wuerth_WR-WTB_64800311622_1x03_P1.50mm_Vertical,91.5924,-160.8074,180,top
U1,STM32G031G8Ux,QFN-28_4x4mm_P0.5mm,159.05,-124.65,-90,top
U1,STM32G031G8Ux,QFN-28_4x4mm_P0.5mm,159.05,-109.41,-90,top
U1,STM32G031G8Ux,QFN-28_4x4mm_P0.5mm,138.73,-94.17,-90,top
U1,STM32G031G8Ux,QFN-28_4x4mm_P0.5mm,138.73,-139.89,-90,top
U1,STM32G031G8Ux,QFN-28_4x4mm_P0.5mm,138.73,-124.65,-90,top
U1,STM32G031G8Ux,QFN-28_4x4mm_P0.5mm,118.41,-124.65,-90,top
U1,STM32G031G8Ux,QFN-28_4x4mm_P0.5mm,118.41,-139.89,-90,top
U1,STM32G031G8Ux,QFN-28_4x4mm_P0.5mm,118.41,-155.13,-90,top
U1,STM32G031G8Ux,QFN-28_4x4mm_P0.5mm,118.41,-109.41,-90,top
U1,STM32G031G8Ux,QFN-28_4x4mm_P0.5mm,159.05,-155.13,-90,top
U1,STM32G031G8Ux,QFN-28_4x4mm_P0.5mm,98.09,-109.41,-90,top
U1,STM32G031G8Ux,QFN-28_4x4mm_P0.5mm,98.09,-124.65,-90,top
U1,STM32G031G8Ux,QFN-28_4x4mm_P0.5mm,138.73,-109.41,-90,top
U1,STM32G031G8Ux,QFN-28_4x4mm_P0.5mm,159.05,-139.89,-90,top
U1,STM32G031G8Ux,QFN-28_4x4mm_P0.5mm,138.73,-155.13,-90,top
U1,STM32G031G8Ux,QFN-28_4x4mm_P0.5mm,118.41,-94.17,-90,top
U1,STM32G031G8Ux,QFN-28_4x4mm_P0.5mm,98.09,-170.37,-90,top
U1,STM32G031G8Ux,QFN-28_4x4mm_P0.5mm,118.41,-170.37,-90,top
U1,STM32G031G8Ux,QFN-28_4x4mm_P0.5mm,138.73,-170.37,-90,top
U1,STM32G031G8Ux,QFN-28_4x4mm_P0.5mm,98.09,-94.17,-90,top
U1,STM32G031G8Ux,QFN-28_4x4mm_P0.5mm,159.05,-94.17,-90,top
U1,STM32G031G8Ux,QFN-28_4x4mm_P0.5mm,159.05,-170.37,-90,top
U1,STM32G031G8Ux,QFN-28_4x4mm_P0.5mm,98.09,-155.13,-90,top
U1,STM32G031G8Ux,QFN-28_4x4mm_P0.5mm,98.09,-139.89,-90,top
U2,AMS1117-3.3,SOT-89-3,151.38,-168.98,90,top
U2,AMS1117-3.3,SOT-89-3,151.38,-138.5,90,top
U2,AMS1117-3.3,SOT-89-3,90.42,-138.5,90,top
U2,AMS1117-3.3,SOT-89-3,151.38,-123.26,90,top
U2,AMS1117-3.3,SOT-89-3,110.74,-138.5,90,top
U2,AMS1117-3.3,SOT-89-3,110.74,-92.78,90,top
U2,AMS1117-3.3,SOT-89-3,90.42,-168.98,90,top
U2,AMS1117-3.3,SOT-89-3,131.06,-138.5,90,top
U2,AMS1117-3.3,SOT-89-3,131.06,-92.78,90,top
U2,AMS1117-3.3,SOT-89-3,151.38,-153.74,90,top
U2,AMS1117-3.3,SOT-89-3,90.42,-92.78,90,top
U2,AMS1117-3.3,SOT-89-3,151.38,-108.02,90,top
U2,AMS1117-3.3,SOT-89-3,90.42,-153.74,90,top
U2,AMS1117-3.3,SOT-89-3,131.06,-168.98,90,top
U2,AMS1117-3.3,SOT-89-3,110.74,-108.02,90,top
U2,AMS1117-3.3,SOT-89-3,131.06,-153.74,90,top
U2,AMS1117-3.3,SOT-89-3,90.42,-123.26,90,top
U2,AMS1117-3.3,SOT-89-3,110.74,-168.98,90,top
U2,AMS1117-3.3,SOT-89-3,131.06,-123.26,90,top
U2,AMS1117-3.3,SOT-89-3,131.06,-108.02,90,top
U2,AMS1117-3.3,SOT-89-3,151.38,-92.78,90,top
U2,AMS1117-3.3,SOT-89-3,110.74,-153.74,90,top
U2,AMS1117-3.3,SOT-89-3,110.74,-123.26,90,top
U2,AMS1117-3.3,SOT-89-3,90.42,-108.02,90,top
