Designator,Val,Package,Mid X,Mid Y,Rotation,Layer
C1,100n,C_0402_1005Metric,123.683,-131.757,180,top
C1,100n,C_0402_1005Metric,62.723,-70.797,180,top
C1,100n,C_0402_1005Metric,123.683,-55.557,180,top
C1,100n,C_0402_1005Metric,83.043,-116.517,180,top
C1,100n,C_0402_1005Metric,103.363,-116.517,180,top
C1,100n,C_0402_1005Metric,62.723,-116.517,180,top
C1,100n,C_0402_1005Metric,123.683,-116.517,180,top
C1,100n,C_0402_1005Metric,103.363,-55.557,180,top
C1,100n,C_0402_1005Metric,123.683,-101.277,180,top
C1,100n,C_0402_1005Metric,62.723,-131.757,180,top
C1,100n,C_0402_1005Metric,83.043,-55.557,180,top
C1,100n,C_0402_1005Metric,62.723,-55.557,180,top
C1,100n,C_0402_1005Metric,103.363,-101.277,180,top
C1,100n,C_0402_1005Metric,83.043,-131.757,180,top
C1,100n,C_0402_1005Metric,123.683,-86.037,180,top
C1,100n,C_0402_1005Metric,103.363,-86.037,180,top
C1,100n,C_0402_1005Metric,83.043,-86.037,180,top
C1,100n,C_0402_1005Metric,83.043,-101.277,180,top
C1,100n,C_0402_1005Metric,103.363,-131.757,180,top
C1,100n,C_0402_1005Metric,62.723,-86.037,180,top
C1,100n,C_0402_1005Metric,123.683,-70.797,180,top
C1,100n,C_0402_1005Metric,103.363,-70.797,180,top
C1,100n,C_0402_1005Metric,83.043,-70.797,180,top
C1,100n,C_0402_1005Metric,62.723,-101.277,180,top
C2,10u,C_0805_2012Metric_Pad1.18x1.45mm_HandSolder,88.0792,-104.5188,-90,top
C2,10u,C_0805_2012Metric_Pad1.18x1.45mm_HandSolder,67.7592,-58.7988,-90,top
C2,10u,C_0805_2012Metric_Pad1.18x1.45mm_HandSolder,108.3992,-58.7988,-90,top
C2,10u,C_0805_2012Metric_Pad1.18x1.45mm_HandSolder,88.0792,-58.7988,-90,top
C2,10u,C_0805_2012Metric_Pad1.18x1.45mm_HandSolder,88.0792,-74.0388,-90,top
C2,10u,C_0805_2012Metric_Pad1.18x1.45mm_HandSolder,108.3992,-134.9988,-90,top
C2,10u,C_0805_2012Metric_Pad1.18x1.45mm_HandSolder,128.7192,-134.9988,-90,top
C2,10u,C_0805_2012Metric_Pad1.18x1.45mm_HandSolder,88.0792,-89.2788,-90,top
C2,10u,C_0805_2012Metric_Pad1.18x1.45mm_HandSolder,128.7192,-74.0388,-90,top
C2,10u,C_0805_2012Metric_Pad1.18x1.45mm_HandSolder,128.7192,-104.5188,-90,top
C2,10u,C_0805_2012Metric_Pad1.18x1.45mm_HandSolder,128.7192,-119.7588,-90,top
C2,10u,C_0805_2012Metric_Pad1.18x1.45mm_HandSolder,88.0792,-119.7588,-90,top
C2,10u,C_0805_2012Metric_Pad1.18x1.45mm_HandSolder,108.3992,-89.2788,-90,top
C2,10u,C_0805_2012Metric_Pad1.18x1.45mm_HandSolder,128.7192,-58.7988,-90,top
C2,10u,C_0805_2012Metric_Pad1.18x1.45mm_HandSolder,108.3992,-74.0388,-90,top
C2,10u,C_0805_2012Metric_Pad1.18x1.45mm_HandSolder,67.7592,-74.0388,-90,top
C2,10u,C_0805_2012Metric_Pad1.18x1.45mm_HandSolder,128.7192,-89.2788,-90,top
C2,10u,C_0805_2012Metric_Pad1.18x1.45mm_HandSolder,67.7592,-104.5188,-90,top
C2,10u,C_0805_2012Metric_Pad1.18x1.45mm_HandSolder,108.3992,-119.7588,-90,top
C2,10u,C_0805_2012Metric_Pad1.18x1.45mm_HandSolder,108.3992,-104.5188,-90,top
C2,10u,C_0805_2012Metric_Pad1.18x1.45mm_HandSolder,67.7592,-119.7588,-90,top
C2,10u,C_0805_2012Metric_Pad1.18x1.45mm_HandSolder,67.7592,-89.2788,-90,top
C2,10u,C_0805_2012Metric_Pad1.18x1.45mm_HandSolder,67.7592,-134.9988,-90,top
C2,10u,C_0805_2012Metric_Pad1.18x1.45mm_HandSolder,88.0792,-134.9988,-90,top
C3,10u,C_0805_2012Metric_Pad1.18x1.45mm_HandSolder,69.715,-104.5188,-90,top
C3,10u,C_0805_2012Metric_Pad1.18x1.45mm_HandSolder,90.035,-134.9988,-90,top
C3,10u,C_0805_2012Metric_Pad1.18x1.45mm_HandSolder,90.035,-89.2788,-90,top
C3,10u,C_0805_2012Metric_Pad1.18x1.45mm_HandSolder,130.675,-104.5188,-90,top
C3,10u,C_0805_2012Metric_Pad1.18x1.45mm_HandSolder,130.675,-74.0388,-90,top
C3,10u,C_0805_2012Metric_Pad1.18x1.45mm_HandSolder,130.675,-89.2788,-90,top
C3,10u,C_0805_2012Metric_Pad1.18x1.45mm_HandSolder,130.675,-134.9988,-90,top
C3,10u,C_0805_2012Metric_Pad1.18x1.45mm_HandSolder,69.715,-119.7588,-90,top
C3,10u,C_0805_2012Metric_Pad1.18x1.45mm_HandSolder,90.035,-58.7988,-90,top
C3,10u,C_0805_2012Metric_Pad1.18x1.45mm_HandSolder,110.355,-74.0388,-90,top
C3,10u,C_0805_2012Metric_Pad1.18x1.45mm_HandSolder,110.355,-104.5188,-90,top
C3,10u,C_0805_2012Metric_Pad1.18x1.45mm_HandSolder,69.715,-58.7988,-90,top
C3,10u,C_0805_2012Metric_Pad1.18x1.45mm_HandSolder,90.035,-119.7588,-90,top
C3,10u,C_0805_2012Metric_Pad1.18x1.45mm_HandSolder,130.675,-119.7588,-90,top
C3,10u,C_0805_2012Metric_Pad1.18x1.45mm_HandSolder,110.355,-58.7988,-90,top
C3,10u,C_0805_2012Metric_Pad1.18x1.45mm_HandSolder,69.715,-74.0388,-90,top
C3,10u,C_0805_2012Metric_Pad1.18x1.45mm_HandSolder,90.035,-74.0388,-90,top
C3,10u,C_0805_2012Metric_Pad1.18x1.45mm_HandSolder,110.355,-89.2788,-90,top
C3,10u,C_0805_2012Metric_Pad1.18x1.45mm_HandSolder,110.355,-119.7588,-90,top
C3,10u,C_0805_2012Metric_Pad1.18x1.45mm_HandSolder,110.355,-134.9988,-90,top
C3,10u,C_0805_2012Metric_Pad1.18x1.45mm_HandSolder,90.035,-104.5188,-90,top
C3,10u,C_0805_2012Metric_Pad1.18x1.45mm_HandSolder,130.675,-58.7988,-90,top
C3,10u,C_0805_2012Metric_Pad1.18x1.45mm_HandSolder,69.715,-134.9988,-90,top
C3,10u,C_0805_2012Metric_Pad1.18x1.45mm_HandSolder,69.715,-89.2788,-90,top
C4,100n,C_0402_1005Metric,131.393,-80.617,180,top
C4,100n,C_0402_1005Metric,131.393,-95.857,180,top
C4,100n,C_0402_1005Metric,131.393,-126.337,180,top
C4,100n,C_0402_1005Metric,70.433,-95.857,180,top
C4,100n,C_0402_1005Metric,90.753,-126.337,180,top
C4,100n,C_0402_1005Metric,90.753,-95.857,180,top
C4,100n,C_0402_1005Metric,111.073,-80.617,180,top
C4,100n,C_0402_1005Metric,111.073,-65.377,180,top
C4,100n,C_0402_1005Metric,131.393,-65.377,180,top
C4,100n,C_0402_1005Metric,111.073,-95.857,180,top
C4,100n,C_0402_1005Metric,70.433,-50.137,180,top
C4,100n,C_0402_1005Metric,70.433,-126.337,180,top
C4,100n,C_0402_1005Metric,90.753,-80.617,180,top
C4,100n,C_0402_1005Metric,90.753,-50.137,180,top
C4,100n,C_0402_1005Metric,131.393,-111.097,180,top
C4,100n,C_0402_1005Metric,111.073,-126.337,180,top
C4,100n,C_0402_1005Metric,70.433,-80.617,180,top
C4,100n,C_0402_1005Metric,111.073,-50.137,180,top
C4,100n,C_0402_1005Metric,111.073,-111.097,180,top
C4,100n,C_0402_1005Metric,131.393,-50.137,180,top
C4,100n,C_0402_1005Metric,90.753,-111.097,180,top
C4,100n,C_0402_1005Metric,70.433,-65.377,180,top
C4,100n,C_0402_1005Metric,70.433,-111.097,180,top
C4,100n,C_0402_1005Metric,90.753,-65.377,180,top
C5,100n,C_0402_1005Metric,111.073,-94.937,0,top
C5,100n,C_0402_1005Metric,90.753,-79.697,0,top
C5,100n,C_0402_1005Metric,90.753,-49.217,0,top
C5,100n,C_0402_1005Metric,90.753,-64.457,0,top
C5,100n,C_0402_1005Metric,70.433,-110.177,0,top
C5,100n,C_0402_1005Metric,70.433,-49.217,0,top
C5,100n,C_0402_1005Metric,70.433,-79.697,0,top
C5,100n,C_0402_1005Metric,111.073,-110.177,0,top
C5,100n,C_0402_1005Metric,131.393,-125.417,0,top
C5,100n,C_0402_1005Metric,131.393,-94.937,0,top
C5,100n,C_0402_1005Metric,70.433,-64.457,0,top
C5,100n,C_0402_1005Metric,111.073,-79.697,0,top
C5,100n,C_0402_1005Metric,90.753,-110.177,0,top
C5,100n,C_0402_1005Metric,131.393,-49.217,0,top
C5,100n,C_0402_1005Metric,111.073,-49.217,0,top
C5,100n,C_0402_1005Metric,90.753,-94.937,0,top
C5,100n,C_0402_1005Metric,111.073,-64.457,0,top
C5,100n,C_0402_1005Metric,70.433,-94.937,0,top
C5,100n,C_0402_1005Metric,111.073,-125.417,0,top
C5,100n,C_0402_1005Metric,70.433,-125.417,0,top
C5,100n,C_0402_1005Metric,90.753,-125.417,0,top
C5,100n,C_0402_1005Metric,131.393,-110.177,0,top
C5,100n,C_0402_1005Metric,131.393,-79.697,0,top
C5,100n,C_0402_1005Metric,131.393,-64.457,0,top
H2,Conn_01x08,TE_0-1734839-8_1x08-1MP_P0.5mm_Horizontal,94.738,-88.107,90,top
H2,Conn_01x08,TE_0-1734839-8_1x08-1MP_P0.5mm_Horizontal,74.418,-118.587,90,top
H2,Conn_01x08,TE_0-1734839-8_1x08-1MP_P0.5mm_Horizontal,135.378,-88.107,90,top
H2,Conn_01x08,TE_0-1734839-8_1x08-1MP_P0.5mm_Horizontal,135.378,-57.627,90,top
H2,Conn_01x08,TE_0-1734839-8_1x08-1MP_P0.5mm_Horizontal,135.378,-133.827,90,top
H2,Conn_01x08,TE_0-1734839-8_1x08-1MP_P0.5mm_Horizontal,135.378,-118.587,90,top
H2,Conn_01x08,TE_0-1734839-8_1x08-1MP_P0.5mm_Horizontal,74.418,-133.827,90,top
H2,Conn_01x08,TE_0-1734839-8_1x08-1MP_P0.5mm_Horizontal,94.738,-57.627,90,top
H2,Conn_01x08,TE_0-1734839-8_1x08-1MP_P0.5mm_Horizontal,94.738,-103.347,90,top
H2,Conn_01x08,TE_0-1734839-8_1x08-1MP_P0.5mm_Horizontal,115.058,-72.867,90,top
H2,Conn_01x08,TE_0-1734839-8_1x08-1MP_P0.5mm_Horizontal,135.378,-72.867,90,top
H2,Conn_01x08,TE_0-1734839-8_1x08-1MP_P0.5mm_Horizontal,115.058,-133.827,90,top
H2,Conn_01x08,TE_0-1734839-8_1x08-1MP_P0.5mm_Horizontal,115.058,-88.107,90,top
H2,Conn_01x08,TE_0-1734839-8_1x08-1MP_P0.5mm_Horizontal,135.378,-103.347,90,top
H2,Conn_01x08,TE_0-1734839-8_1x08-1MP_P0.5mm_Horizontal,74.418,-57.627,90,top
H2,Conn_01x08,TE_0-1734839-8_1x08-1MP_P0.5mm_Horizontal,94.738,-133.827,90,top
H2,Conn_01x08,TE_0-1734839-8_1x08-1MP_P0.5mm_Horizontal,74.418,-88.107,90,top
H2,Conn_01x08,TE_0-1734839-8_1x08-1MP_P0.5mm_Horizontal,115.058,-103.347,90,top
H2,Conn_01x08,TE_0-1734839-8_1x08-1MP_P0.5mm_Horizontal,115.058,-118.587,90,top
H2,Conn_01x08,TE_0-1734839-8_1x08-1MP_P0.5mm_Horizontal,115.058,-57.627,90,top
H2,Conn_01x08,TE_0-1734839-8_1x08-1MP_P0.5mm_Horizontal,74.418,-72.867,90,top
H2,Conn_01x08,TE_0-1734839-8_1x08-1MP_P0.5mm_Horizontal,94.738,-72.867,90,top
H2,Conn_01x08,TE_0-1734839-8_1x08-1MP_P0.5mm_Horizontal,94.738,-118.587,90,top
H2,Conn_01x08,TE_0-1734839-8_1x08-1MP_P0.5mm_Horizontal,74.418,-103.347,90,top
JSKX,Conn_01x05,PinHeader_1x05_P2.00mm_Vertical,101.5262,-47.1803,90,top
JSKX,Conn_01x05,PinHeader_1x05_P2.00mm_Vertical,121.8462,-123.3803,90,top
JSKX,Conn_01x05,PinHeader_1x05_P2.00mm_Vertical,81.2062,-77.6603,90,top
JSKX,Conn_01x05,PinHeader_1x05_P2.00mm_Vertical,60.8862,-123.3803,90,top
JSKX,Conn_01x05,PinHeader_1x05_P2.00mm_Vertical,101.5262,-62.4203,90,top
JSKX,Conn_01x05,PinHeader_1x05_P2.00mm_Vertical,81.2062,-92.9003,90,top
JSKX,Conn_01x05,PinHeader_1x05_P2.00mm_Vertical,60.8862,-108.1403,90,top
JSKX,Conn_01x05,PinHeader_1x05_P2.00mm_Vertical,101.5262,-123.3803,90,top
JSKX,Conn_01x05,PinHeader_1x05_P2.00mm_Vertical,101.5262,-77.6603,90,top
JSKX,Conn_01x05,PinHeader_1x05_P2.00mm_Vertical,121.8462,-47.1803,90,top
JSKX,Conn_01x05,PinHeader_1x05_P2.00mm_Vertical,81.2062,-108.1403,90,top
JSKX,Conn_01x05,PinHeader_1x05_P2.00mm_Vertical,81.2062,-47.1803,90,top
JSKX,Conn_01x05,PinHeader_1x05_P2.00mm_Vertical,60.8862,-47.1803,90,top
JSKX,Conn_01x05,PinHeader_1x05_P2.00mm_Vertical,121.8462,-77.6603,90,top
JSKX,Conn_01x05,PinHeader_1x05_P2.00mm_Vertical,121.8462,-62.4203,90,top
JSKX,Conn_01x05,PinHeader_1x05_P2.00mm_Vertical,121.8462,-92.9003,90,top
JSKX,Conn_01x05,PinHeader_1x05_P2.00mm_Vertical,101.5262,-108.1403,90,top
JSKX,Conn_01x05,PinHeader_1x05_P2.00mm_Vertical,121.8462,-108.1403,90,top
JSKX,Conn_01x05,PinHeader_1x05_P2.00mm_Vertical,60.8862,-92.9003,90,top
JSKX,Conn_01x05,PinHeader_1x05_P2.00mm_Vertical,81.2062,-62.4203,90,top
JSKX,Conn_01x05,PinHeader_1x05_P2.00mm_Vertical,101.5262,-92.9003,90,top
JSKX,Conn_01x05,PinHeader_1x05_P2.00mm_Vertical,60.8862,-77.6603,90,top
JSKX,Conn_01x05,PinHeader_1x05_P2.00mm_Vertical,81.2062,-123.3803,90,top
JSKX,Conn_01x05,PinHeader_1x05_P2.00mm_Vertical,60.8862,-62.4203,90,top
Q1,NMOS,SOT-23,136.223,-127.7845,90,top
Q1,NMOS,SOT-23,75.263,-51.5845,90,top
Q1,NMOS,SOT-23,95.583,-112.5445,90,top
Q1,NMOS,SOT-23,75.263,-112.5445,90,top
Q1,NMOS,SOT-23,95.583,-82.0645,90,top
Q1,NMOS,SOT-23,95.583,-66.8245,90,top
Q1,NMOS,SOT-23,136.223,-97.3045,90,top
Q1,NMOS,SOT-23,75.263,-66.8245,90,top
Q1,NMOS,SOT-23,136.223,-112.5445,90,top
Q1,NMOS,SOT-23,75.263,-82.0645,90,top
Q1,NMOS,SOT-23,95.583,-97.3045,90,top
Q1,NMOS,SOT-23,115.903,-82.0645,90,top
Q1,NMOS,SOT-23,95.583,-127.7845,90,top
Q1,NMOS,SOT-23,75.263,-97.3045,90,top
Q1,NMOS,SOT-23,136.223,-51.5845,90,top
Q1,NMOS,SOT-23,115.903,-127.7845,90,top
Q1,NMOS,SOT-23,75.263,-127.7845,90,top
Q1,NMOS,SOT-23,115.903,-97.3045,90,top
Q1,NMOS,SOT-23,136.223,-82.0645,90,top
Q1,NMOS,SOT-23,95.583,-51.5845,90,top
Q1,NMOS,SOT-23,115.903,-66.8245,90,top
Q1,NMOS,SOT-23,115.903,-112.5445,90,top
Q1,NMOS,SOT-23,115.903,-51.5845,90,top
Q1,NMOS,SOT-23,136.223,-66.8245,90,top
R1,680,R_0402_1005Metric,124.4674,-125.857,90,top
R1,680,R_0402_1005Metric,124.4674,-49.657,90,top
R1,680,R_0402_1005Metric,104.1474,-49.657,90,top
R1,680,R_0402_1005Metric,83.8274,-49.657,90,top
R1,680,R_0402_1005Metric,63.5074,-49.657,90,top
R1,680,R_0402_1005Metric,63.5074,-125.857,90,top
R1,680,R_0402_1005Metric,124.4674,-110.617,90,top
R1,680,R_0402_1005Metric,104.1474,-110.617,90,top
R1,680,R_0402_1005Metric,83.8274,-110.617,90,top
R1,680,R_0402_1005Metric,63.5074,-110.617,90,top
R1,680,R_0402_1005Metric,104.1474,-125.857,90,top
R1,680,R_0402_1005Metric,124.4674,-95.377,90,top
R1,680,R_0402_1005Metric,83.8274,-95.377,90,top
R1,680,R_0402_1005Metric,63.5074,-95.377,90,top
R1,680,R_0402_1005Metric,104.1474,-95.377,90,top
R1,680,R_0402_1005Metric,124.4674,-80.137,90,top
R1,680,R_0402_1005Metric,104.1474,-80.137,90,top
R1,680,R_0402_1005Metric,83.8274,-80.137,90,top
R1,680,R_0402_1005Metric,63.5074,-80.137,90,top
R1,680,R_0402_1005Metric,124.4674,-64.897,90,top
R1,680,R_0402_1005Metric,83.8274,-125.857,90,top
R1,680,R_0402_1005Metric,104.1474,-64.897,90,top
R1,680,R_0402_1005Metric,83.8274,-64.897,90,top
R1,680,R_0402_1005Metric,63.5074,-64.897,90,top
R2,0,R_0402_1005Metric,125.4326,-80.137,90,top
R2,0,R_0402_1005Metric,84.7926,-95.377,90,top
R2,0,R_0402_1005Metric,105.1126,-49.657,90,top
R2,0,R_0402_1005Metric,105.1126,-64.897,90,top
R2,0,R_0402_1005Metric,125.4326,-125.857,90,top
R2,0,R_0402_1005Metric,105.1126,-80.137,90,top
R2,0,R_0402_1005Metric,105.1126,-110.617,90,top
R2,0,R_0402_1005Metric,64.4726,-49.657,90,top
R2,0,R_0402_1005Metric,105.1126,-95.377,90,top
R2,0,R_0402_1005Metric,64.4726,-64.897,90,top
R2,0,R_0402_1005Metric,64.4726,-95.377,90,top
R2,0,R_0402_1005Metric,84.7926,-110.617,90,top
R2,0,R_0402_1005Metric,125.4326,-64.897,90,top
R2,0,R_0402_1005Metric,105.1126,-125.857,90,top
R2,0,R_0402_1005Metric,84.7926,-49.657,90,top
R2,0,R_0402_1005Metric,84.7926,-80.137,90,top
R2,0,R_0402_1005Metric,125.4326,-49.657,90,top
R2,0,R_0402_1005Metric,125.4326,-110.617,90,top
R2,0,R_0402_1005Metric,64.4726,-125.857,90,top
R2,0,R_0402_1005Metric,84.7926,-64.897,90,top
R2,0,R_0402_1005Metric,125.4326,-95.377,90,top
R2,0,R_0402_1005Metric,64.4726,-80.137,90,top
R2,0,R_0402_1005Metric,84.7926,-125.857,90,top
R2,0,R_0402_1005Metric,64.4726,-110.617,90,top
R3,220,R_0402_1005Metric,86.723,-110.617,90,top
R3,220,R_0402_1005Metric,86.723,-64.897,90,top
R3,220,R_0402_1005Metric,107.043,-110.617,90,top
R3,220,R_0402_1005Metric,107.043,-49.657,90,top
R3,220,R_0402_1005Metric,107.043,-125.857,90,top
R3,220,R_0402_1005Metric,86.723,-95.377,90,top
R3,220,R_0402_1005Metric,127.363,-125.857,90,top
R3,220,R_0402_1005Metric,127.363,-95.377,90,top
R3,220,R_0402_1005Metric,66.403,-80.137,90,top
R3,220,R_0402_1005Metric,66.403,-110.617,90,top
R3,220,R_0402_1005Metric,127.363,-49.657,90,top
R3,220,R_0402_1005Metric,107.043,-64.897,90,top
R3,220,R_0402_1005Metric,127.363,-80.137,90,top
R3,220,R_0402_1005Metric,107.043,-95.377,90,top
R3,220,R_0402_1005Metric,86.723,-80.137,90,top
R3,220,R_0402_1005Metric,66.403,-64.897,90,top
R3,220,R_0402_1005Metric,107.043,-80.137,90,top
R3,220,R_0402_1005Metric,86.723,-125.857,90,top
R3,220,R_0402_1005Metric,127.363,-64.897,90,top
R3,220,R_0402_1005Metric,66.403,-95.377,90,top
R3,220,R_0402_1005Metric,86.723,-49.657,90,top
R3,220,R_0402_1005Metric,66.403,-125.857,90,top
R3,220,R_0402_1005Metric,66.403,-49.657,90,top
R3,220,R_0402_1005Metric,127.363,-110.617,90,top
R4,0,R_0402_1005Metric,87.6882,-49.657,90,top
R4,0,R_0402_1005Metric,87.6882,-64.897,90,top
R4,0,R_0402_1005Metric,128.3282,-125.857,90,top
R4,0,R_0402_1005Metric,67.3682,-110.617,90,top
R4,0,R_0402_1005Metric,128.3282,-64.897,90,top
R4,0,R_0402_1005Metric,128.3282,-95.377,90,top
R4,0,R_0402_1005Metric,128.3282,-49.657,90,top
R4,0,R_0402_1005Metric,108.0082,-110.617,90,top
R4,0,R_0402_1005Metric,108.0082,-125.857,90,top
R4,0,R_0402_1005Metric,108.0082,-49.657,90,top
R4,0,R_0402_1005Metric,128.3282,-110.617,90,top
R4,0,R_0402_1005Metric,67.3682,-64.897,90,top
R4,0,R_0402_1005Metric,128.3282,-80.137,90,top
R4,0,R_0402_1005Metric,67.3682,-125.857,90,top
R4,0,R_0402_1005Metric,67.3682,-49.657,90,top
R4,0,R_0402_1005Metric,87.6882,-125.857,90,top
R4,0,R_0402_1005Metric,108.0082,-80.137,90,top
R4,0,R_0402_1005Metric,87.6882,-110.617,90,top
R4,0,R_0402_1005Metric,108.0082,-64.897,90,top
R4,0,R_0402_1005Metric,87.6882,-95.377,90,top
R4,0,R_0402_1005Metric,87.6882,-80.137,90,top
R4,0,R_0402_1005Metric,67.3682,-95.377,90,top
R4,0,R_0402_1005Metric,67.3682,-80.137,90,top
R4,0,R_0402_1005Metric,108.0082,-95.377,90,top
R5,100,R_0402_1005Metric,126.3978,-64.897,90,top
R5,100,R_0402_1005Metric,85.7578,-125.857,90,top
R5,100,R_0402_1005Metric,126.3978,-125.857,90,top
R5,100,R_0402_1005Metric,85.7578,-110.617,90,top
R5,100,R_0402_1005Metric,65.4378,-64.897,90,top
R5,100,R_0402_1005Metric,85.7578,-80.137,90,top
R5,100,R_0402_1005Metric,126.3978,-49.657,90,top
R5,100,R_0402_1005Metric,106.0778,-125.857,90,top
R5,100,R_0402_1005Metric,106.0778,-64.897,90,top
R5,100,R_0402_1005Metric,106.0778,-49.657,90,top
R5,100,R_0402_1005Metric,65.4378,-110.617,90,top
R5,100,R_0402_1005Metric,65.4378,-80.137,90,top
R5,100,R_0402_1005Metric,126.3978,-110.617,90,top
R5,100,R_0402_1005Metric,65.4378,-95.377,90,top
R5,100,R_0402_1005Metric,126.3978,-95.377,90,top
R5,100,R_0402_1005Metric,106.0778,-95.377,90,top
R5,100,R_0402_1005Metric,85.7578,-95.377,90,top
R5,100,R_0402_1005Metric,85.7578,-49.657,90,top
R5,100,R_0402_1005Metric,106.0778,-110.617,90,top
R5,100,R_0402_1005Metric,85.7578,-64.897,90,top
R5,100,R_0402_1005Metric,126.3978,-80.137,90,top
R5,100,R_0402_1005Metric,65.4378,-125.857,90,top
R5,100,R_0402_1005Metric,106.0778,-80.137,90,top
R5,100,R_0402_1005Metric,65.4378,-49.657,90,top
R6,0,R_0402_1005Metric,129.2934,-125.857,90,top
R6,0,R_0402_1005Metric,129.2934,-80.137,90,top
R6,0,R_0402_1005Metric,108.9734,-64.897,90,top
R6,0,R_0402_1005Metric,88.6534,-125.857,90,top
R6,0,R_0402_1005Metric,108.9734,-125.857,90,top
R6,0,R_0402_1005Metric,108.9734,-110.617,90,top
R6,0,R_0402_1005Metric,129.2934,-49.657,90,top
R6,0,R_0402_1005Metric,88.6534,-64.897,90,top
R6,0,R_0402_1005Metric,129.2934,-95.377,90,top
R6,0,R_0402_1005Metric,68.3334,-80.137,90,top
R6,0,R_0402_1005Metric,68.3334,-110.617,90,top
R6,0,R_0402_1005Metric,108.9734,-95.377,90,top
R6,0,R_0402_1005Metric,129.2934,-64.897,90,top
R6,0,R_0402_1005Metric,129.2934,-110.617,90,top
R6,0,R_0402_1005Metric,88.6534,-95.377,90,top
R6,0,R_0402_1005Metric,68.3334,-95.377,90,top
R6,0,R_0402_1005Metric,68.3334,-125.857,90,top
R6,0,R_0402_1005Metric,68.3334,-64.897,90,top
R6,0,R_0402_1005Metric,88.6534,-49.657,90,top
R6,0,R_0402_1005Metric,68.3334,-49.657,90,top
R6,0,R_0402_1005Metric,88.6534,-110.617,90,top
R6,0,R_0402_1005Metric,108.9734,-80.137,90,top
R6,0,R_0402_1005Metric,108.9734,-49.657,90,top
R6,0,R_0402_1005Metric,88.6534,-80.137,90,top
R7,100,R_0402_1005Metric,115.903,-54.007,0,top
R7,100,R_0402_1005Metric,115.903,-99.727,0,top
R7,100,R_0402_1005Metric,95.583,-69.247,0,top
R7,100,R_0402_1005Metric,75.263,-84.487,0,top
R7,100,R_0402_1005Metric,136.223,-84.487,0,top
R7,100,R_0402_1005Metric,95.583,-114.967,0,top
R7,100,R_0402_1005Metric,115.903,-114.967,0,top
R7,100,R_0402_1005Metric,136.223,-130.207,0,top
R7,100,R_0402_1005Metric,75.263,-130.207,0,top
R7,100,R_0402_1005Metric,115.903,-130.207,0,top
R7,100,R_0402_1005Metric,95.583,-54.007,0,top
R7,100,R_0402_1005Metric,95.583,-84.487,0,top
R7,100,R_0402_1005Metric,75.263,-69.247,0,top
R7,100,R_0402_1005Metric,136.223,-99.727,0,top
R7,100,R_0402_1005Metric,95.583,-99.727,0,top
R7,100,R_0402_1005Metric,115.903,-84.487,0,top
R7,100,R_0402_1005Metric,136.223,-114.967,0,top
R7,100,R_0402_1005Metric,136.223,-69.247,0,top
R7,100,R_0402_1005Metric,115.903,-69.247,0,top
R7,100,R_0402_1005Metric,136.223,-54.007,0,top
R7,100,R_0402_1005Metric,95.583,-130.207,0,top
R7,100,R_0402_1005Metric,75.263,-99.727,0,top
R7,100,R_0402_1005Metric,75.263,-114.967,0,top
R7,100,R_0402_1005Metric,75.263,-54.007,0,top
S2,Conn_01x03,Wuerth_WR-WTB_64800311622_1x03_P1.50mm_Vertical,83.0754,-59.1544,180,top
S2,Conn_01x03,Wuerth_WR-WTB_64800311622_1x03_P1.50mm_Vertical,62.7554,-104.8744,180,top
S2,Conn_01x03,Wuerth_WR-WTB_64800311622_1x03_P1.50mm_Vertical,83.0754,-74.3944,180,top
S2,Conn_01x03,Wuerth_WR-WTB_64800311622_1x03_P1.50mm_Vertical,103.3954,-120.1144,180,top
S2,Conn_01x03,Wuerth_WR-WTB_64800311622_1x03_P1.50mm_Vertical,62.7554,-120.1144,180,top
S2,Conn_01x03,Wuerth_WR-WTB_64800311622_1x03_P1.50mm_Vertical,62.7554,-74.3944,180,top
S2,Conn_01x03,Wuerth_WR-WTB_64800311622_1x03_P1.50mm_Vertical,103.3954,-59.1544,180,top
S2,Conn_01x03,Wuerth_WR-WTB_64800311622_1x03_P1.50mm_Vertical,83.0754,-120.1144,180,top
S2,Conn_01x03,Wuerth_WR-WTB_64800311622_1x03_P1.50mm_Vertical,123.7154,-135.3544,180,top
S2,Conn_01x03,Wuerth_WR-WTB_64800311622_1x03_P1.50mm_Vertical,103.3954,-135.3544,180,top
S2,Conn_01x03,Wuerth_WR-WTB_64800311622_1x03_P1.50mm_Vertical,123.7154,-59.1544,180,top
S2,Conn_01x03,Wuerth_WR-WTB_64800311622_1x03_P1.50mm_Vertical,83.0754,-135.3544,180,top
S2,Conn_01x03,Wuerth_WR-WTB_64800311622_1x03_P1.50mm_Vertical,83.0754,-89.6344,180,top
S2,Conn_01x03,Wuerth_WR-WTB_64800311622_1x03_P1.50mm_Vertical,83.0754,-104.8744,180,top
S2,Conn_01x03,Wuerth_WR-WTB_64800311622_1x03_P1.50mm_Vertical,62.7554,-89.6344,180,top
S2,Conn_01x03,Wuerth_WR-WTB_64800311622_1x03_P1.50mm_Vertical,103.3954,-104.8744,180,top
S2,Conn_01x03,Wuerth_WR-WTB_64800311622_1x03_P1.50mm_Vertical,62.7554,-135.3544,180,top
S2,Conn_01x03,Wuerth_WR-WTB_64800311622_1x03_P1.50mm_Vertical,123.7154,-74.3944,180,top
S2,Conn_01x03,Wuerth_WR-WTB_64800311622_1x03_P1.50mm_Vertical,62.7554,-59.1544,180,top
S2,Conn_01x03,Wuerth_WR-WTB_64800311622_1x03_P1.50mm_Vertical,123.7154,-89.6344,180,top
S2,Conn_01x03,Wuerth_WR-WTB_64800311622_1x03_P1.50mm_Vertical,123.7154,-120.1144,180,top
S2,Conn_01x03,Wuerth_WR-WTB_64800311622_1x03_P1.50mm_Vertical,103.3954,-74.3944,180,top
S2,Conn_01x03,Wuerth_WR-WTB_64800311622_1x03_P1.50mm_Vertical,103.3954,-89.6344,180,top
S2,Conn_01x03,Wuerth_WR-WTB_64800311622_1x03_P1.50mm_Vertical,123.7154,-104.8744,180,top
U1,STM32G031G8Ux,QFN-28_4x4mm_P0.5mm,69.253,-68.717,-90,top
U1,STM32G031G8Ux,QFN-28_4x4mm_P0.5mm,109.893,-114.437,-90,top
U1,STM32G031G8Ux,QFN-28_4x4mm_P0.5mm,130.213,-99.197,-90,top
U1,STM32G031G8Ux,QFN-28_4x4mm_P0.5mm,69.253,-99.197,-90,top
U1,STM32G031G8Ux,QFN-28_4x4mm_P0.5mm,130.213,-68.717,-90,top
U1,STM32G031G8Ux,QFN-28_4x4mm_P0.5mm,69.253,-114.437,-90,top
U1,STM32G031G8Ux,QFN-28_4x4mm_P0.5mm,109.893,-99.197,-90,top
U1,STM32G031G8Ux,QFN-28_4x4mm_P0.5mm,89.573,-129.677,-90,top
U1,STM32G031G8Ux,QFN-28_4x4mm_P0.5mm,69.253,-83.957,-90,top
U1,STM32G031G8Ux,QFN-28_4x4mm_P0.5mm,109.893,-129.677,-90,top
U1,STM32G031G8Ux,QFN-28_4x4mm_P0.5mm,89.573,-68.717,-90,top
U1,STM32G031G8Ux,QFN-28_4x4mm_P0.5mm,130.213,-83.957,-90,top
U1,STM32G031G8Ux,QFN-28_4x4mm_P0.5mm,89.573,-99.197,-90,top
U1,STM32G031G8Ux,QFN-28_4x4mm_P0.5mm,89.573,-114.437,-90,top
U1,STM32G031G8Ux,QFN-28_4x4mm_P0.5mm,130.213,-129.677,-90,top
U1,STM32G031G8Ux,QFN-28_4x4mm_P0.5mm,89.573,-53.477,-90,top
U1,STM32G031G8Ux,QFN-28_4x4mm_P0.5mm,69.253,-53.477,-90,top
U1,STM32G031G8Ux,QFN-28_4x4mm_P0.5mm,69.253,-129.677,-90,top
U1,STM32G031G8Ux,QFN-28_4x4mm_P0.5mm,109.893,-68.717,-90,top
U1,STM32G031G8Ux,QFN-28_4x4mm_P0.5mm,109.893,-83.957,-90,top
U1,STM32G031G8Ux,QFN-28_4x4mm_P0.5mm,109.893,-53.477,-90,top
U1,STM32G031G8Ux,QFN-28_4x4mm_P0.5mm,130.213,-114.437,-90,top
U1,STM32G031G8Ux,QFN-28_4x4mm_P0.5mm,130.213,-53.477,-90,top
U1,STM32G031G8Ux,QFN-28_4x4mm_P0.5mm,89.573,-83.957,-90,top
U2,AMS1117-3.3,SOT-89-3,61.583,-67.327,90,top
U2,AMS1117-3.3,SOT-89-3,122.543,-97.807,90,top
U2,AMS1117-3.3,SOT-89-3,61.583,-97.807,90,top
U2,AMS1117-3.3,SOT-89-3,81.903,-128.287,90,top
U2,AMS1117-3.3,SOT-89-3,102.223,-128.287,90,top
U2,AMS1117-3.3,SOT-89-3,81.903,-113.047,90,top
U2,AMS1117-3.3,SOT-89-3,122.543,-128.287,90,top
U2,AMS1117-3.3,SOT-89-3,81.903,-52.087,90,top
U2,AMS1117-3.3,SOT-89-3,81.903,-67.327,90,top
U2,AMS1117-3.3,SOT-89-3,102.223,-67.327,90,top
U2,AMS1117-3.3,SOT-89-3,122.543,-52.087,90,top
U2,AMS1117-3.3,SOT-89-3,61.583,-113.047,90,top
U2,AMS1117-3.3,SOT-89-3,122.543,-82.567,90,top
U2,AMS1117-3.3,SOT-89-3,81.903,-97.807,90,top
U2,AMS1117-3.3,SOT-89-3,61.583,-128.287,90,top
U2,AMS1117-3.3,SOT-89-3,102.223,-97.807,90,top
U2,AMS1117-3.3,SOT-89-3,61.583,-52.087,90,top
U2,AMS1117-3.3,SOT-89-3,122.543,-113.047,90,top
U2,AMS1117-3.3,SOT-89-3,102.223,-82.567,90,top
U2,AMS1117-3.3,SOT-89-3,81.903,-82.567,90,top
U2,AMS1117-3.3,SOT-89-3,61.583,-82.567,90,top
U2,AMS1117-3.3,SOT-89-3,102.223,-52.087,90,top
U2,AMS1117-3.3,SOT-89-3,122.543,-67.327,90,top
U2,AMS1117-3.3,SOT-89-3,102.223,-113.047,90,top
