Reference,Value,Footprint,Datasheet,JLCPCB,?��?
D1,WS6812,LED_SMD:LED_SK6812_EC15_1.5x1.5mm,https://cdn-shop.adafruit.com/product-files/3484/3484_Datasheet.pdf,C41347988,1
D2,WS6812,LED_SMD:LED_SK6812_EC15_1.5x1.5mm,https://cdn-shop.adafruit.com/product-files/3484/3484_Datasheet.pdf,C41347988,1
D3,WS6812,LED_SMD:LED_SK6812_EC15_1.5x1.5mm,https://cdn-shop.adafruit.com/product-files/3484/3484_Datasheet.pdf,C41347988,1
D4,WS6812,LED_SMD:LED_SK6812_EC15_1.5x1.5mm,https://cdn-shop.adafruit.com/product-files/3484/3484_Datasheet.pdf,C41347988,1
D5,WS6812,LED_SMD:LED_SK6812_EC15_1.5x1.5mm,https://cdn-shop.adafruit.com/product-files/3484/3484_Datasheet.pdf,C41347988,1
D6,WS6812,LED_SMD:LED_SK6812_EC15_1.5x1.5mm,https://cdn-shop.adafruit.com/product-files/3484/3484_Datasheet.pdf,C41347988,1
D7,WS6812,LED_SMD:LED_SK6812_EC15_1.5x1.5mm,https://cdn-shop.adafruit.com/product-files/3484/3484_Datasheet.pdf,C41347988,1
D8,WS6812,LED_SMD:LED_SK6812_EC15_1.5x1.5mm,https://cdn-shop.adafruit.com/product-files/3484/3484_Datasheet.pdf,C41347988,1
D9,WS6812,LED_SMD:LED_SK6812_EC15_1.5x1.5mm,https://cdn-shop.adafruit.com/product-files/3484/3484_Datasheet.pdf,C41347988,1
D10,WS6812,LED_SMD:LED_SK6812_EC15_1.5x1.5mm,https://cdn-shop.adafruit.com/product-files/3484/3484_Datasheet.pdf,C41347988,1
D11,WS6812,LED_SMD:LED_SK6812_EC15_1.5x1.5mm,https://cdn-shop.adafruit.com/product-files/3484/3484_Datasheet.pdf,C41347988,1
D12,WS6812,LED_SMD:LED_SK6812_EC15_1.5x1.5mm,https://cdn-shop.adafruit.com/product-files/3484/3484_Datasheet.pdf,C41347988,1
P1,Conn_01x01_Pin,,~,,1
P2,Conn_01x01_Pin,,~,,1
P3,Conn_01x01_Pin,,~,,1
